title,company,location,link
Full Stack Developer (80%-100%),onstructive GmbH,"Winterthur, Schweiz",https://stackoverflow.com/jobs/405894
Workingstudent Tech & Engineering,Limehome GmbH,"München, Germany",https://stackoverflow.com/jobs/408795
Full Stack Software Engineer (Vue.js & Django) (m/f/d),Limehome GmbH,"München, Germany",https://stackoverflow.com/jobs/238532
Digital-Senior Software/Lead Engineer-System Infra,FactSet,"Hyderabad, India",https://stackoverflow.com/jobs/461321
"Senior .NET Core, Blazor and Azure Developer","Stepquest, Inc.",No office location,https://stackoverflow.com/jobs/401384
DevOps Engineer Hypotheken,NN Group N.V.,"Den Haag, Netherlands",https://stackoverflow.com/jobs/461312
Frontend Engineer,"GridUnity, Inc","Boston, MA",https://stackoverflow.com/jobs/400405
Sr. Web Engineer,Rapptr Labs,"Jersey City, NJ",https://stackoverflow.com/jobs/461189
Software Engineer - Web UI,Agrian Inc.,"Clovis, CA",https://stackoverflow.com/jobs/451025
Programmer Analyst II,Texas State University,"San Marcos, TX",https://stackoverflow.com/jobs/461161
Front End Developer,PowerInbox,No office location,https://stackoverflow.com/jobs/461157
Experienced Ruby on Rails Developer,SimplePay,"Cape Town, South Africa",https://stackoverflow.com/jobs/450851
Frontend Javascript SPA Developer Vue.js (m/f/d),ThinxNet GmbH,"München, Deutschland",https://stackoverflow.com/jobs/415209
"Full stack web developer (remote, UK candidates only)",ClearLife Limited,No office location,https://stackoverflow.com/jobs/433873
"(Senior) Webentwickler (m/w/d) JavaScript, React und/oder Vue.js",auteon GmbH,"München, Deutschland",https://stackoverflow.com/jobs/460981
"(Senior) Webentwickler (m/w/d) JavaScript, Vue.js mit Schwerpunkt eCommerce",auteon GmbH,"München, Deutschland",https://stackoverflow.com/jobs/460977
Software Entwickler Java (w/m/x),RegioHelden GmbH,"Köln, Deutschland",https://stackoverflow.com/jobs/450821
(Senior) Webentwickler (m/w/d) TYPO3 & Vue.JS,auteon GmbH,"München, Deutschland",https://stackoverflow.com/jobs/460969
Junior Java Developer with a lot of freedom in your job,TOPdesk Nederland BV,"Delft, Netherlands",https://stackoverflow.com/jobs/425992
Seeking a Full-Time Remote Full Stack .NET Developer,Remedia,No office location,https://stackoverflow.com/jobs/460775
Senior Business Intelligence Cloud Platform Engineer,"JPMorgan Chase Bank, N.A.","Columbus, OH",https://stackoverflow.com/jobs/460844
Lead Front-End Developer,Traction Corporation,"Sunnyvale, CA",https://stackoverflow.com/jobs/460781
Lead Front-End Web Engineer,LiveSurface,No office location,https://stackoverflow.com/jobs/460777
Javascript Developer,OliBank,No office location,https://stackoverflow.com/jobs/450541
FinTech Developer,OliBank,No office location,https://stackoverflow.com/jobs/450540
Full Stack Software Developer - Manufacturing,Apple,"Cork, Ireland",https://stackoverflow.com/jobs/460624
Front-End Engineer,Active Theory,No office location,https://stackoverflow.com/jobs/450543
Security Developer,OliBank,No office location,https://stackoverflow.com/jobs/450538
Senior Director - Information Technology,Springs Charter Schools,"Temecula, CA",https://stackoverflow.com/jobs/460769
Lead Full Stack Developer,ABOUT YOU GmbH,"Hamburg, Deutschland",https://stackoverflow.com/jobs/366480
Full Stack Developer,ABOUT YOU GmbH,"Hamburg, Deutschland",https://stackoverflow.com/jobs/355747
Frontend Developer,ABOUT YOU GmbH,"Hamburg, Deutschland",https://stackoverflow.com/jobs/304349
Full Stack Web Developer,Spiria Digital,"Gatineau, QC, Canada",https://stackoverflow.com/jobs/450400
Demodesk - Full-Stack Engineer in Assistant Team,Demodesk,"München, Germany",https://stackoverflow.com/jobs/450398
Senior Frontend Engineer (m/w/x) - remote possible,Jimdo,"Hamburg, Germany",https://stackoverflow.com/jobs/460639
Senior Backend Engineer - Business,Mrsool,"Riyadh, Saudi Arabia",https://stackoverflow.com/jobs/425423
Senior Frontend Developer,Jumbo Supermarkets,"Veghel, Netherlands",https://stackoverflow.com/jobs/306562
Experienced Java Developer,TOPdesk,"Budapest, Hungary",https://stackoverflow.com/jobs/460593
Data Products Backend Developer (m/f/d),UNIVERSAL MUSIC ENTERTAINMENT GMBH,"Berlin, Deutschland",https://stackoverflow.com/jobs/460484
"Principal Software Engineer, API/Platform (NodeJS + TypeScript)","Unanet, Inc.",No office location,https://stackoverflow.com/jobs/460385
Software Engineer,FactSet,"Norwalk, CT",https://stackoverflow.com/jobs/460282
Senior Front End Engineer,SWIMLANE INC,"Louisville, CO",https://stackoverflow.com/jobs/459805
Senior Java Software Engineer,AIR MILES,"Toronto, ON, Canada",https://stackoverflow.com/jobs/394502
Senior Software Engineer C#/.NET/JavaScript,Sinara Consultants Limited,"London, UK",https://stackoverflow.com/jobs/437583
Full-Stack Web Developer,Bullseye Media LLC,"Minneapolis, MN",https://stackoverflow.com/jobs/424985
"Full-Stack Web Developer, Full-Time Job – Bucharest",SkillValue,"Bucharest, Romania",https://stackoverflow.com/jobs/460150
Full Stack Software Developer,BioSort AS,"Oslo, Norway",https://stackoverflow.com/jobs/437555
Software Developer in Test,YouGov,No office location,https://stackoverflow.com/jobs/460056
Python/AWS Developer (Remote),X-Team,No office location,https://stackoverflow.com/jobs/445852
Senior User Experience Software Engineer,"JPMorgan Chase Bank, N.A.","Jersey City, NJ",https://stackoverflow.com/jobs/459861
"Lead Polyglot Software Engineers – TDD, XP, JavaScript",Pragmateam,"Sydney, Australia",https://stackoverflow.com/jobs/459520
QA Automation Engineer (Ruby),Modus Create,No office location,https://stackoverflow.com/jobs/459799
Senior Software Engineer,Patch.com,"New York, NY",https://stackoverflow.com/jobs/394309
"Senior Software Developer, Frontend",KOHO,No office location,https://stackoverflow.com/jobs/459781
Full-Stack Web-Entwickler (m/w/d),RheinEnergie AG,"Köln, Deutschland",https://stackoverflow.com/jobs/383518
Java Entwickler*in (m/w/d),GFT Deutschland,"Eschborn, Deutschland",https://stackoverflow.com/jobs/393531
Senior Front-End Developer,Cloudwise B.V.,"Woerden, Netherlands",https://stackoverflow.com/jobs/459598
Front-End (Angular/React) and Node JS Backend – Senior Developer,Wipro Digital,"Bengaluru, India",https://stackoverflow.com/jobs/424505
Mid-Senior Software Engineer ~ Big Data Solutions,Lean Media,"Chesterfield, MO",https://stackoverflow.com/jobs/271865
Pessoa Engenheira de Software Sênior,Kenoby,No office location,https://stackoverflow.com/jobs/424349
Senior Software Engineer,Cie,No office location,https://stackoverflow.com/jobs/449510
Full Stack Software Engineer,Captivation Software,"Fort Meade, MD",https://stackoverflow.com/jobs/449508
Senior Frontend Engineer – Web,Blinkist,"Berlin, Germany",https://stackoverflow.com/jobs/449484
Frontend Developer - Vue.js (m/f/x),refurbed,No office location,https://stackoverflow.com/jobs/424273
Full Stack Developer,Applied Research Associates,"Raleigh, NC",https://stackoverflow.com/jobs/436178
Frontend Engineer (m/f/d),MobiLab Solutions,"Köln, Germany",https://stackoverflow.com/jobs/424234
Senior Software Engineer - Frontend (Remote),Web Summit,"Dublin 6, Ireland",https://stackoverflow.com/jobs/289346
Webfejlesztő,UNIQA Raiffeisen Software Service Kft.,"Budapest, Ungarn",https://stackoverflow.com/jobs/374734
Senior Java fejlesztő,UNIQA Raiffeisen Software Service Kft.,"Budapest, Ungarn",https://stackoverflow.com/jobs/373188
Software Engineer - Full Stack (Mid-Senior),Olo,No office location,https://stackoverflow.com/jobs/448572
Full Stack Programmer,Springs Charter Schools,"Temecula, CA",https://stackoverflow.com/jobs/458648
Senior Software Developer - Guidewire,State Farm Mutual Automobile Insurance Company,"Bloomington, IL",https://stackoverflow.com/jobs/458643
Frontend Developer to build the leading Platform for ML,Hugging Face,"Paris, France",https://stackoverflow.com/jobs/448344
Javascript Developer (Vue.js / Node.js),Lucky Orange LLC,"Overland Park, KS",https://stackoverflow.com/jobs/374387
Senior Front End Developer,Rebilly,No office location,https://stackoverflow.com/jobs/458498
JavaScript Engineer for our ecommerce storefront  (f/m/d),ePages GmbH,"Hamburg, Germany",https://stackoverflow.com/jobs/123431
Senior Frontend Developer (f/m/d),CA Customer Alliance GmbH,"Berlin, Germany",https://stackoverflow.com/jobs/421024
Front-End Developer,Digidentity,"Den Haag, Netherlands",https://stackoverflow.com/jobs/305537
"Senior Software Developer* (Belgrade, Krusevac, Novi Sad)",3AP AG,"Beograd, Serbia",https://stackoverflow.com/jobs/237521
Senior Full-Stack Software Engineer,pulseData,"New York, NY",https://stackoverflow.com/jobs/448331
Développeur Web,Agfa HealthCare,"Poitiers, France",https://stackoverflow.com/jobs/365066
Vue.js Developer,BairesDev LLC,"San Francisco, CA",https://stackoverflow.com/jobs/448323
Senior Fullstack Developer - Java / Kotlin / Javascript,teckro,"Dublin 2, Ireland",https://stackoverflow.com/jobs/401733
React / Javascript Developer,Särmä Digital Oy,"Helsinki, Finland",https://stackoverflow.com/jobs/330722
Full Stack Developer,Mullvad VPN,"Gothenburg, Sweden",https://stackoverflow.com/jobs/448302
Senior Ruby on Rails Developer (m/f/d) - for legal tech startup,DataGuard,"München, Deutschland",https://stackoverflow.com/jobs/281723
Senior Front-End Developer (m/f/d) - for legal tech startup in Munich or Berlin,DataGuard,"München, Deutschland",https://stackoverflow.com/jobs/281206
Senior Full Stack Developer (f/m/x),Parkside,"Graz, Österreich",https://stackoverflow.com/jobs/448298
Web Developer (Open Targets),European Bioinformatics Institute (EMBL-EBI),"Hinxton, UK",https://stackoverflow.com/jobs/458417
Software Engineering,"JPMorgan Chase Bank, N.A.","Houston, TX",https://stackoverflow.com/jobs/458301
Software Engineer (£55k - £65k),Intruder,"London, UK",https://stackoverflow.com/jobs/447962
senior front-end javascript developer,Cygni,"Amsterdam, Netherlands",https://stackoverflow.com/jobs/447954
.NET/Java Developer,Typeqast,"Zagreb, Croatia",https://stackoverflow.com/jobs/336340
Frontend Developer e-Commerce (f/m/d) (based in Germany),LILLYDOO GmbH,No office location,https://stackoverflow.com/jobs/240569
"Experienced JavaScript developer, who loves working in. Net wanted!",bwin - part of GVC group,"Vienna, Austria",https://stackoverflow.com/jobs/365459
Frontend-/ UI-Entwickler (w/m/d),INFORM - Institut für Operations Research und Management GmbH,"Aachen, Deutschland",https://stackoverflow.com/jobs/458152
"Frontend Tech Lead, Content Security",ByteDance,Singapore,https://stackoverflow.com/jobs/423498
"Frontend Software Engineer, Content Security",ByteDance,Singapore,https://stackoverflow.com/jobs/423497
Tech Lead in a Danish Web app Department,Peytz & Co A/S,"Copenhagen, Denmark",https://stackoverflow.com/jobs/401362
Senior Front-end Developer,AdsWizz,"Bucharest, Romania",https://stackoverflow.com/jobs/401357
Laravel and Vue.js Developer,MailerLite,"Vilnius, Lithuania",https://stackoverflow.com/jobs/447895
Full Stack Software Developer - IoT (w/m/d) 80-100%,Husqvarna Schweiz AG,"Zürich, Schweiz",https://stackoverflow.com/jobs/401351
Sr. Cloud Engineer (GCP) DevOps,Harlem Next,"Haarlem, Netherlands",https://stackoverflow.com/jobs/423490
Junior Engineer Ruby (stage),KLAXIT,"Paris, France",https://stackoverflow.com/jobs/447893
Front End Engineer (React),Modus Create,No office location,https://stackoverflow.com/jobs/447890
Senior Frontend Developer (f/m/diverse),Eurowings Digital GmbH,"Köln, Deutschland",https://stackoverflow.com/jobs/410393
Front - End Developer (All Level),TOP Jobs Front - End Developers in VietnamviaTopDev,"Ho Chi Minh City, Vietnam",https://stackoverflow.com/jobs/447872
Senior Frontend Developer,"Stacklet, Inc.",No office location,https://stackoverflow.com/jobs/423281
Frontend Web Developer,ACA Compliance Group,No office location,https://stackoverflow.com/jobs/447579
Join us in our Sustainable Energy revolution: Senior backend developer@R&D team,The Sustainables BV,"Amsterdam, Netherlands",https://stackoverflow.com/jobs/457962
DevSecOps Engineer,BrainGu,"Fayetteville, NC",https://stackoverflow.com/jobs/423179
Full Stack Engineer - REMOTE,ParOne,No office location,https://stackoverflow.com/jobs/457959
Full-Stack Developer - Core Engineering Team (f/m/d),Receeve GmbH,"Hamburg, Germany",https://stackoverflow.com/jobs/351277
Vue Developer,The Motley Fool Inc,No office location,https://stackoverflow.com/jobs/457945
Senior Django Developer,The Motley Fool Inc,No office location,https://stackoverflow.com/jobs/457944
Senior Software Engineer (Node),"Jack Henry & Associates, Inc.®",No office location,https://stackoverflow.com/jobs/447532
Full Stack Engineer - AI Team,LanguageWire,"Copenhagen, Denmark",https://stackoverflow.com/jobs/457936
Principal Front-End Engineer - Team Lead (Vue.js),Corsearch,"Amsterdam, Netherlands",https://stackoverflow.com/jobs/412440
Front-End Software Engineer,Mimacom,"Zürich, Switzerland",https://stackoverflow.com/jobs/412730
Senior javascript-utvecklare,Cygni,"Stockholm, Sweden",https://stackoverflow.com/jobs/447407
"Senior fullstackutvecklare (Java, .net och/eller node)",Cygni,"Stockholm, Sweden",https://stackoverflow.com/jobs/447405
(Senior) Full-Stack Software Engineer who loves Python,Advertima,"Berlin, Germany",https://stackoverflow.com/jobs/422932
Frontend Developer (Vue.js) (m/w/d),Peek & Cloppenburg KG Düsseldorf,"Düsseldorf, Deutschland",https://stackoverflow.com/jobs/447396
Software Engineer,Paf - Games Sport Casino,"Helsinki, Finland",https://stackoverflow.com/jobs/457888
Backend PHP developer with Dev-Ops skillset,Enrise,"Amersfoort, Netherlands",https://stackoverflow.com/jobs/447388
Lead Java Software Engineer - ATM Technology,"JPMorgan Chase Bank, N.A.","Westerville, OH",https://stackoverflow.com/jobs/457506
Senior Fullstack Developer (f/m/d),Greentube Internet Entertainment Solutions GmbH,"Wien, Austria",https://stackoverflow.com/jobs/383799
Software Developer (m/w) für JavaScript-basierte Web-Front-Ends und Apps,weisenburger bau GmbH,"Karlsruhe, Deutschland",https://stackoverflow.com/jobs/447384
Software Engineer,"WorkLLama, LLC","Alpharetta, GA",https://stackoverflow.com/jobs/457859
Staff Web Developer,SimpliSafe,"Boston, MA",https://stackoverflow.com/jobs/350954
Software Engineer III - Business Systems,"CNC Software, Inc","Tolland, CT",https://stackoverflow.com/jobs/288435
Senior UI / Front End Developer (100% Remote),Mapleton Hill,"Boulder, CO",https://stackoverflow.com/jobs/32763
Softwareentwickler (m/w/d) full-time remote,BREDEX GmbH,No office location,https://stackoverflow.com/jobs/457676
Senior Frontend Engineer (m/w/d),grandcentrix GmbH,"Köln, Deutschland",https://stackoverflow.com/jobs/383558
Software Engineer (.NET Core),Kaizen Gaming (Stoiximan/Betano),"Athens, Greece",https://stackoverflow.com/jobs/411413
Full Stack Developer,Särmä Digital Oy,"Helsinki, Finland",https://stackoverflow.com/jobs/333786
Frontend Developer (m/w/d),BREDEX GmbH,No office location,https://stackoverflow.com/jobs/457632
Project Manager,LeadIQ,Singapore,https://stackoverflow.com/jobs/422625
Salesforce Apex Developer,LeadIQ,Singapore,https://stackoverflow.com/jobs/422622
Junior Software Engineer (Trainee),Fei Siong Food Management Pte. Ltd.,Singapore,https://stackoverflow.com/jobs/422616
Junior Software Engineer,Fei Siong Food Management Pte. Ltd.,Singapore,https://stackoverflow.com/jobs/422615
1x Software Architect/Lead (Cloud) & 1x Senior DevOps Engineer,Solar And Storage Modelling Pty Ltd (Solcast),"Leichhardt, Australia",https://stackoverflow.com/jobs/434165
Full-Stack .NET Engineer,MediKeeper,"San Diego, CA",https://stackoverflow.com/jobs/422397
Senior Frontend Engineer (Vue.js),Financial Technology Partners,"San Francisco, CA",https://stackoverflow.com/jobs/446919
Senior Backend Engineer (Python/Django),Financial Technology Partners,"San Francisco, CA",https://stackoverflow.com/jobs/446918
"Frontend Developer (m/w/d) in Leipzig, Halle (Saale) oder Dresden",Relaxdays GmbH,"Leipzig, Deutschland",https://stackoverflow.com/jobs/433898
Senior Software Engineer,Epion Health,"North Andover, MA",https://stackoverflow.com/jobs/457399
"Backend Developer PHP (m/w/d) in Leipzig, Halle (Saale) oder Dresden",Relaxdays GmbH,"Leipzig, Deutschland",https://stackoverflow.com/jobs/433896
"Backend Developer C# (w/m/d) in Leipzig, Halle (Saale) oder Dresden",Relaxdays GmbH,"Leipzig, Deutschland",https://stackoverflow.com/jobs/433895
Full Stack Engineer at Sellpy,Sellpy,"Stockholm, Sweden",https://stackoverflow.com/jobs/456515
Front-end Engineer,InCloudCounsel,"San Francisco, CA",https://stackoverflow.com/jobs/433449
Modern .Net Core Senior Engineer,dunnhumby Ltd.,"London, UK",https://stackoverflow.com/jobs/206288
Senior Full Stack JavaScript Developer - Remote,Upstack,No office location,https://stackoverflow.com/jobs/422075
Software-Engineer Web Applications / Web Developer (m/w/d),BWI GmbH,"Essen, Deutschland",https://stackoverflow.com/jobs/457372
Webdeveloper for Backend (NodeJS) and Frontend (Vue) (m/f),RINGANA GmbH,"Wien, Österreich",https://stackoverflow.com/jobs/421723
Sr Front End Developer (Angular / React),HaysviaHays PLC,"Orlando, FL",https://stackoverflow.com/jobs/373234
Frontend Developer (Experienced),Bakken & Bæck,"Amsterdam, Netherlands",https://stackoverflow.com/jobs/446594
Frontend Web Developer (m/f/x),refurbed,"Wien, Österreich",https://stackoverflow.com/jobs/361674
Senior Go Backend Developer (m/f/x),refurbed,"Wien, Austria",https://stackoverflow.com/jobs/287208
Principal Software Engineer,Citizens Bank,"Westwood, MA",https://stackoverflow.com/jobs/446569
Mid/Senior Full Stack Engineer,Applied,No office location,https://stackoverflow.com/jobs/446566
Architect,Citizens Bank,"Westwood, MA",https://stackoverflow.com/jobs/446565
Architect,Citizens Bank,"Dedham, MA",https://stackoverflow.com/jobs/446564
Senior Full Stack Developer,Dyson,"Bristol, UK",https://stackoverflow.com/jobs/363120
JavaScript Developer,Kinsta,No office location,https://stackoverflow.com/jobs/446560
Senior VueJS FE Developer,Cycloid,No office location,https://stackoverflow.com/jobs/457236
Senior VueJS FE Developer,Cycloid,No office location,https://stackoverflow.com/jobs/457235
Mid Senior VueJS Frontend dev (remote friendly),Cycloid,"Paris, France",https://stackoverflow.com/jobs/457234
Fullstack Developer,best it GmbH & Co. KG,"Siegburg, Deutschland",https://stackoverflow.com/jobs/373200
Fullstack Developer,best it GmbH & Co. KG,"Siegburg, Deutschland",https://stackoverflow.com/jobs/373199
Webentwickler (m/w/d),freeyou AG,"Köln, Deutschland",https://stackoverflow.com/jobs/446540
PHP Developer (JavaScript/HTML/and CSS),HaysviaHays PLC,"Raleigh, NC",https://stackoverflow.com/jobs/373020
Sr Full Stack Systems Architect (Angular/Vue.js/React),HaysviaHays PLC,"Raleigh, NC",https://stackoverflow.com/jobs/373017
Adobe AEM Engineer,BairesDev LLC,"San Francisco, CA",https://stackoverflow.com/jobs/445886
Hackers wanted - Software Engineers (m/f/d) & Machine Learning Experts (m/f/d),freiheit.com technologies gmbh,"Lissabon, Portugal",https://stackoverflow.com/jobs/254089
Staff Engineer to Lead Web Platform Development,Embark Vet,"Boston, MA",https://stackoverflow.com/jobs/456831
Hackers wanted - Software Engineers (m/f/d) & Machine Learning Experts (m/f/d),freiheit.com technologies gmbh,"Hamburg, Deutschland",https://stackoverflow.com/jobs/165266
Hackers wanted-Looking for a Senior Developer (m/f/d) with Team Lead Experience!,freiheit.com technologies gmbh,"Hamburg, Deutschland",https://stackoverflow.com/jobs/91520
Hackers wanted-Looking for a Senior Developer (m/f/d) with Team Lead Experience!,freiheit.com technologies gmbh,"Lissabon, Portugal",https://stackoverflow.com/jobs/197741
Senior Software Developer,DCSL Software Ltd,"London, UK",https://stackoverflow.com/jobs/399681
Senior Frontend Developer (m/w/d),Neofonie,"Berlin, Deutschland",https://stackoverflow.com/jobs/399676
Senior Back-end / Ruby on Rails Developer,iubenda,"Milan, Italy",https://stackoverflow.com/jobs/445818
.NET Application Developer,Pursuant,"Dallas, TX",https://stackoverflow.com/jobs/457040
Senior Software Architect,Practichem,No office location,https://stackoverflow.com/jobs/457036
Mgr Software Engineering,Citizens Bank,"Providence, RI",https://stackoverflow.com/jobs/457034
Software Engineer II,Citizens Bank,"Providence, RI",https://stackoverflow.com/jobs/457018
AEM Engineer,"JPMorgan Chase Bank, N.A.","Bengaluru, India",https://stackoverflow.com/jobs/456870
Full stack ASP.NET Core and VueJS Developer,Facility Wizard Software Incorporated d/b/a Wizard Software Solutions,"Chicago, IL",https://stackoverflow.com/jobs/456315
Senior Front-End Engineer (m/f/d),Lumiform,"Berlin, Germany",https://stackoverflow.com/jobs/456814
ARCHITECTE SI (F/H),Octo Technology,"Paris, France",https://stackoverflow.com/jobs/445451
Mobile App Developer (m/f/x),"epay, a Euronet Worldwide Company","Planegg, Deutschland",https://stackoverflow.com/jobs/445450
TECH LEAD (F/H),Octo Technology,"Paris, France",https://stackoverflow.com/jobs/445447
Fullstack Engineer,Roon Labs LLC,No office location,https://stackoverflow.com/jobs/393281
Software Developer mit Schwerpunkt Backend (m/w/d),Haufe Group,"Freiburg im Breisgau, Germany",https://stackoverflow.com/jobs/445405
Web Frontend Developer with an eye for professional user experience (m/f/d),Ergosign,"Saarbrücken, Germany",https://stackoverflow.com/jobs/456766
Mid Weight Drupal Developer,Access,"Manchester, UK",https://stackoverflow.com/jobs/445398
Senior Drupal Developer,Access,"Manchester, UK",https://stackoverflow.com/jobs/445396
Lead Software Engineer - Publishing Platform,Voodoo.io,"Paris, France",https://stackoverflow.com/jobs/410369
Web Frontend Developer with an eye for professional user experience (m/f/d),Ergosign,"Hamburg, Germany",https://stackoverflow.com/jobs/456764
Lead Software Engineer - Game Optimization Platform,Voodoo.io,"Paris, France",https://stackoverflow.com/jobs/410368
iOS Engineer,Durstexpress GmbH,"Berlin, Deutschland",https://stackoverflow.com/jobs/364025
Full Stack Laravel Developer (Remote),X-Team,No office location,https://stackoverflow.com/jobs/456763
Flutter Developer (Remote),X-Team,No office location,https://stackoverflow.com/jobs/456762
Lead Data Scientist (m/f/d),e-bot7 GmbH,"München, Germany",https://stackoverflow.com/jobs/456760
Front End Designer/Developer,L2P Enterprise Ltd,No office location,https://stackoverflow.com/jobs/432527
Senior Front-End Engineer (WebGL),Huddle HQ,No office location,https://stackoverflow.com/jobs/421326
Full Stack Engineer,Beatrust Inc.,"Minato City, Japan",https://stackoverflow.com/jobs/429319
Python/Django Developer (m/f/d),social sweethearts® GmbH,"München, Deutschland",https://stackoverflow.com/jobs/456729
Senior Fullstack Developer - Polyglot with focus on PHP and JavaScript (m/f/d),social sweethearts® GmbH,"München, Deutschland",https://stackoverflow.com/jobs/456726
Senior Javascript Software Engineer,Dashlane,"Paris, France",https://stackoverflow.com/jobs/419185
"Full Stack Engineer (React, Node, TypeScript): Remote (Global, CET aligned)",Modus Create,No office location,https://stackoverflow.com/jobs/456571
Senior Software Engineer (Vue.js) (m/f/d),MEDWING GmbH,"Berlin, Germany",https://stackoverflow.com/jobs/456540
Senior UI Developer interested in collaborative hardware development,Wikifactory,No office location,https://stackoverflow.com/jobs/448569
Senior Software Architekt (m/w/d),Meierhofer AG,"Berlin, Deutschland",https://stackoverflow.com/jobs/445031
Blockchain JavaScript Developer,brainbot,"Berlin, Germany",https://stackoverflow.com/jobs/207296
"Développeuse / Développeur Full Stack (Java, Angular) - Paris",Zenika,"Paris, France",https://stackoverflow.com/jobs/352667
Backend Engineer - Working Student (m/f/d),Motius GmbH,"München, Deutschland",https://stackoverflow.com/jobs/456520
Frontend Engineer - Working Student (m/f/d),Motius GmbH,"München, Deutschland",https://stackoverflow.com/jobs/456519
Lead Developer Ruby on Rails (m/f/div),PAIR Finance GmbH,"Berlin, Deutschland",https://stackoverflow.com/jobs/303965
PHP Developer (w/*/m),queo GmbH,"Dresden, Deutschland",https://stackoverflow.com/jobs/399160
Lead Software Engineer,Unscene,"Tokyo, Japan",https://stackoverflow.com/jobs/456513
Senior Software Developer,HawkSoft,No office location,https://stackoverflow.com/jobs/444716
Senior Frontend Engineer,Avail,"San Francisco, CA",https://stackoverflow.com/jobs/456496
Senior Full-Stack Engineer,"Made Market, Inc.","Santa Monica, CA",https://stackoverflow.com/jobs/456324
.NET Software Engineer,"Tivix, Inc.","Wrocław, Poland",https://stackoverflow.com/jobs/420644
Senior Software Engineer,Enovational,"Washington, DC",https://stackoverflow.com/jobs/420640
Solution Architect,Enovational,"Washington, DC",https://stackoverflow.com/jobs/420637
"Awesome Full-Stack Software Engineer - Java, Python, Spark(Fully Cleared)",Erias Ventures,"Annapolis Junction, MD",https://stackoverflow.com/jobs/432032
Full Stack PHP Web Developer,"Outreach, Inc.","Colorado Springs, CO",https://stackoverflow.com/jobs/364886
Front-End Developer | Junior Consultant,Accenture Italy,No office location,https://stackoverflow.com/jobs/456302
Senior Full Stack Developer - Remote,Insider,No office location,https://stackoverflow.com/jobs/456301
Senior Front-end Developer (Vue.js) - Remote,Insider,No office location,https://stackoverflow.com/jobs/456300
Full Stack Software Engineer (f/m/d),ArcaScience,"Paris, France",https://stackoverflow.com/jobs/456292
Ingénieur(e) Infra / DevOps / SRE (H/F),Deeplink Medical,"Lyon, France",https://stackoverflow.com/jobs/372316
Teamleiter / Senior Java Entwickler (m/w),UNIQA Raiffeisen Software Service Kft.,"Budapest, Ungarn",https://stackoverflow.com/jobs/391306
Frontend Entwickler (m/w/d),OGS Gesellschaft für Datenverarbeitung und Systemberatung mbH,"Koblenz, Deutschland",https://stackoverflow.com/jobs/456252
Full Stack Engineer,SpotMe,No office location,https://stackoverflow.com/jobs/114053
Full Stack Software Developer - Java (all genders) Full-/Part-time,Accenture DACH,"Zürich, Switzerland",https://stackoverflow.com/jobs/391300
Front-End Web Developer (all genders) Full-/Part-time,Accenture DACH,"Frankfurt, Germany",https://stackoverflow.com/jobs/391299
Senior Fullstack Developer,Telia Company,"Göteborg, Sweden",https://stackoverflow.com/jobs/456243
"Frontend Software Engineer. Evangelist. Enthusiast (Java Script, HTML5) (m/f/x)",financial.com AG,"München, Deutschland",https://stackoverflow.com/jobs/285784
"Senior Fullstack Developer (Node, Typescript, Vue - UK only)",Primary Bid Ltd,No office location,https://stackoverflow.com/jobs/456234
DevOps Engineer,Youtility Solar,"Woods Cross, UT",https://stackoverflow.com/jobs/409581
Senior Software Engineer,Doctolib,"Levallois-Perret, France",https://stackoverflow.com/jobs/456043
Développeur-euse Fullstack,Doctolib,"Levallois-Perret, France",https://stackoverflow.com/jobs/456042
Experienced Frontend Developer with strong CSS skills (m/f),Typeqast,"Zagreb, Croatia",https://stackoverflow.com/jobs/335842
Full Stack Developer (SNPS) - Build platforms at national scale,Government Technology Agency of Singapore,Singapore,https://stackoverflow.com/jobs/409515
Data Engineer,Sytac IT Consulting,"Amsterdam, Netherlands",https://stackoverflow.com/jobs/431625
Mid-Level Javascript & PHP Entwickler(in) für spannende Webapplikationen,4eyes GmbH,"Basel, Schweiz",https://stackoverflow.com/jobs/420062
フロントエンドエンジニア,HENNGE K.K.,"Tokyo, Japan",https://stackoverflow.com/jobs/381284
Software Engineer,IPD Analytics,"Miami, FL",https://stackoverflow.com/jobs/347671
Front-End Software Engineer,HENNGE K.K.,"Tokyo, Japan",https://stackoverflow.com/jobs/381280
Frontend Web Developer,T-Bone Productions,"Sydney, Australia",https://stackoverflow.com/jobs/147675
Solutions Engineer,Deepgram,"San Francisco, CA",https://stackoverflow.com/jobs/431389
Senior full stack developer (Azure/.NET core/VueJs/Typescript),33reasons,No office location,https://stackoverflow.com/jobs/453423
Full Stack Developer (m/w/d),Haufe Group,"Freiburg im Breisgau, Germany",https://stackoverflow.com/jobs/455781
Senior Ad Tech Engineer,Patch.com,"New York, NY",https://stackoverflow.com/jobs/455777
Senior Frontend Developer,AIR MILES,"Toronto, ON, Canada",https://stackoverflow.com/jobs/431238
"Tech Lead (f/m) 80-100%, remote friendly position",ricardo.ch,"Zug, Switzerland",https://stackoverflow.com/jobs/412789
Softwareentwickler (m/w/d),AM GmbH,"Hamburg, Deutschland",https://stackoverflow.com/jobs/380999
Senior Full Stack Developer,Nirveda Cognition Inc.,"Glendale, CA",https://stackoverflow.com/jobs/431098
Senior Full Stack Software Engineer,"System Concepts, Inc.","Scottsdale, AZ",https://stackoverflow.com/jobs/204563
Full Stack Developer,PrizeLogic,"Scottsdale, AZ",https://stackoverflow.com/jobs/397846
Software Developer,DCSL Software Ltd,"London, UK",https://stackoverflow.com/jobs/419248
Software Developer,DCSL Software Ltd,"Farnborough, UK",https://stackoverflow.com/jobs/419247
"Senior Frontend Developer interested in React, Vue or Svelte",5 Monkeys Agency AB,"Stockholm, Sweden",https://stackoverflow.com/jobs/443605
Senior Frontend Entwickler (m/w/d),DreamIT GmbHviaHays PLC,"Hamburg, Germany",https://stackoverflow.com/jobs/419244
Agiler Java Fullstack-Entwickler (m/w/d) - deutschlandweit & remote,objective partner AG,"Weinheim, Deutschland",https://stackoverflow.com/jobs/443596
Frontend-Entwickler (m/w/d),onOffice GmbH,"Aachen, Deutschland",https://stackoverflow.com/jobs/430751
Software Architect,Decodify.me LLC,No office location,https://stackoverflow.com/jobs/443400
Backend Engineer,"Volusion, LLC","Austin, TX",https://stackoverflow.com/jobs/443235
Java Software Engineer - ATM Technology,"JPMorgan Chase Bank, N.A.","Westerville, OH",https://stackoverflow.com/jobs/455556
Junior Software Engineer for Micro Frontends,smapiot,"München, Germany",https://stackoverflow.com/jobs/278008
Front End Web Developer,Xactware,"Lehi, UT",https://stackoverflow.com/jobs/293752
Senior Full Stack PHP Developer (m/f/d) - Bielefeld/Berlin/Remote,Egoditor GmbH,"Berlin, Deutschland",https://stackoverflow.com/jobs/408861
(Senior) Web/Mobile Developer (m/w/d),Lotum GmbH,"Frankfurt am Main, Deutschland",https://stackoverflow.com/jobs/372988
Software Developer (Remote or Onsite),Aptera Software,"Fort Wayne, IN",https://stackoverflow.com/jobs/246026
Senior Frontend Engineer,Voodoo.io,"Paris, France",https://stackoverflow.com/jobs/430364
Senior Fullstack Software Engineer - Hotel Marketing,trivago N.V,"Düsseldorf, Germany",https://stackoverflow.com/jobs/430362
Mid- / Senior PHP Web Developer,Energy Gruppe Schweiz,"Zürich, Switzerland",https://stackoverflow.com/jobs/371108
Fullstack Developer,best it GmbH & Co. KG,"Velen, Deutschland",https://stackoverflow.com/jobs/371547
Fullstack Developer,best it GmbH & Co. KG,"Berlin, Deutschland",https://stackoverflow.com/jobs/368833
Front End/ Back End Software Developer,Freshcart Grocer Sdn Bhd (Supplycart),"Petaling Jaya, Malaysia",https://stackoverflow.com/jobs/430217
Senior Full Stack Engineer (Remote OR NYC),Noom,"New York, NY",https://stackoverflow.com/jobs/283522
Senior Web Developer,Beast Code,"Fort Walton Beach, FL",https://stackoverflow.com/jobs/219673
Technical Business Analyst,DCSL Software Ltd,"London, UK",https://stackoverflow.com/jobs/442201
Frontend Software Engineer (WebGL 3D WebApp) - 360 Documentation in Construction,bitstars GmbH - a HoloBuilder company,"Aachen, Germany",https://stackoverflow.com/jobs/313141
Senior Backend Engineer (m/f/d) - Node.js,Motius GmbH,"München, Deutschland",https://stackoverflow.com/jobs/433911
Full Stack Software Engineer - Mobile Healthcare,Medsphere,No office location,https://stackoverflow.com/jobs/406291
Node.js / React Fullstack (all Levels),Check24viaZero to One Search,"Munich, Germany",https://stackoverflow.com/jobs/442198
Senior Front End Developer,Ezra,"Toronto, ON, Canada",https://stackoverflow.com/jobs/442192
Payment Engineer (m/f/d),Egoditor GmbH,"Berlin, Deutschland",https://stackoverflow.com/jobs/429684
Java Software-Entwickler (m/w/d),anderScore GmbH,"Köln, Deutschland",https://stackoverflow.com/jobs/408473
Senior Front-end / JS Developer,iubenda,No office location,https://stackoverflow.com/jobs/429655
Full Stack Engineer | digital healthcare enabling 3D-printed orthopedic implants,TOKA MedTech / 3D Metal PrintingviaTechfolk Ltd,"Bath, UK",https://stackoverflow.com/jobs/455190
Remote Frontend Developer (m/f/d),Adspert | Bidmanagement GmbH,No office location,https://stackoverflow.com/jobs/455184
Mid-Level Front-end Responsive Developer,Graphic Language,No office location,https://stackoverflow.com/jobs/418286
Senior Javascript Software Engineer,Dashlane,"Lisbon, Portugal",https://stackoverflow.com/jobs/441798
Full Stack Tech Lead (Remote),HealthCare.com,No office location,https://stackoverflow.com/jobs/441790
Full Stack Developer Mobile Gaming (m/w/d),Lotum GmbH,"Bad Nauheim, Deutschland",https://stackoverflow.com/jobs/372990
Full-Stack Web Developer Java,WPS Management GmbH,"Paderborn, Deutschland",https://stackoverflow.com/jobs/125395
Fullstack Developer,chess24,"Hamburg, Germany",https://stackoverflow.com/jobs/455005
Senior Health-Tech Software Engineer,Juxly,"Springfield, MO",https://stackoverflow.com/jobs/425126
.Net Full Stack developer (m/w/d),EyeC GmbH,"Hamburg, Deutschland",https://stackoverflow.com/jobs/408138
Frontend Web Developer (m/w/d),EyeC GmbH,"Hamburg, Deutschland",https://stackoverflow.com/jobs/408135
Full Stack Web Developer (m/w/d),EyeC GmbH,"Hamburg, Deutschland",https://stackoverflow.com/jobs/408137
Erfahrener Web-Entwickler (m/w/d) für den IServ Schulserver,IServ GmbH,"Braunschweig, Deutschland",https://stackoverflow.com/jobs/408160
Java Software Engineer,Practichem,No office location,https://stackoverflow.com/jobs/454944
Frontend Developer (m/f/d),WPS Management GmbH,"Paderborn, Deutschland",https://stackoverflow.com/jobs/293572
Front-end Software Engineer - Deliver citizen-centric web apps,Government Technology Agency of Singapore,Singapore,https://stackoverflow.com/jobs/408128
Développeuse / Développeur Full Stack (JavaScript) - Paris,Zenika,"Paris, France",https://stackoverflow.com/jobs/371046
Lead Vue.js / PHP developer,HUBX,No office location,https://stackoverflow.com/jobs/397027
Fullstack Software Engineer (Java) - Hong Kong,Zuhlke Engineering Hongkong,Hong Kong,https://stackoverflow.com/jobs/454966
Full Stack Web Developer,"Art & Logic, Inc.",No office location,https://stackoverflow.com/jobs/370918
Senior WebXR Games Engineer,NWR CORP,No office location,https://stackoverflow.com/jobs/454917
"Senior Software Engineer/Developer - ""See JD for Skill set"" (Senior, Remote)",TopDevz,No office location,https://stackoverflow.com/jobs/454766
Frontend Developer,"Frotcom International, S.A.","Carnaxide, Portugal",https://stackoverflow.com/jobs/441402
Full Stack Developer,Facile.it,"Milan, Italy",https://stackoverflow.com/jobs/441392
Javascript Developer - Angular or Node.js,Arcanys,"Ho Chi Minh City, Vietnam",https://stackoverflow.com/jobs/243364
Javascript Developer - Angular or Node.js,Arcanys,"Cebu City, Philippines",https://stackoverflow.com/jobs/243375
Java Entwickler (m/w/d),MT AG - enabling the adaptive enterprise,"Ratingen, Deutschland",https://stackoverflow.com/jobs/338095
Frontend Developer,Squla,"Amsterdam, Netherlands",https://stackoverflow.com/jobs/454638
Front-end Developer,Triple,"Alkmaar, Netherlands",https://stackoverflow.com/jobs/407700
Full Stack Software Engineer (all genders),Zühlke Engineering Austria,"Wien, Austria",https://stackoverflow.com/jobs/454632
Full Stack PHP Developer,DkR,"Lomazzo, Italy",https://stackoverflow.com/jobs/396797
Front End Developer,YouGov,No office location,https://stackoverflow.com/jobs/439750
SOFTWARE ENGINEERING MANAGER BACK-END (H/F),DECATHLON,"Croix, France",https://stackoverflow.com/jobs/454590
Back End Engineer - Ruby on Rails,Modus Create,No office location,https://stackoverflow.com/jobs/454579
Frontend-Developer / Full Stack (m/w/d),CodeMonks GmbH,"Nuremberg, Germany",https://stackoverflow.com/jobs/454453
Senior Software Engineer,Pedigree Technologies,"Fargo, ND",https://stackoverflow.com/jobs/275888
Senior Fullstack-Entwickler (w/m/d) am Standort Berlin,Hochfrequenz Unternehmensberatung GmbH,"Berlin, Deutschland",https://stackoverflow.com/jobs/358244
"Software-Entwickler für cloud-native Anwendungen, Full-Stack",Paessler AG,No office location,https://stackoverflow.com/jobs/412301
Frontend/VueJs Software Engineer,BRG - The GAT Team,No office location,https://stackoverflow.com/jobs/441378
Frontend Developer @ MAN Digital Hub,Volkswagen Digital Solutions,"Lisboa, Portugal",https://stackoverflow.com/jobs/417437
Full-Stack Software Engineer (m/f/d),Covestro Deutschland AG,"Leverkusen, Deutschland",https://stackoverflow.com/jobs/417429
Frontend- / UX/UI-Developer (m/w/d),Just Spices GmbH,"Düsseldorf, Deutschland",https://stackoverflow.com/jobs/428547
Front-End Developer (m/f/d) for Berlin-based MVP Startup,Venture Leap GmbH,"Berlin, Deutschland",https://stackoverflow.com/jobs/424948
Développeur full-stack,GO2ROUES,"Bordeaux, France",https://stackoverflow.com/jobs/407409
Sr. Full Stack Software Engineer,Higher Logic,No office location,https://stackoverflow.com/jobs/453726
Frontend Developer,Banjo,"South Jordan, UT",https://stackoverflow.com/jobs/345274
Software Engineer,Ogury,"Paris, France",https://stackoverflow.com/jobs/453541
Senior Software Engineer (f/m/d) Angular,Verivox GmbH,"Heidelberg, Deutschland",https://stackoverflow.com/jobs/165583
Senior Frontend Engineer - Consumer Shop (f/m/d),Delivery Hero SE,"Berlin, Germany",https://stackoverflow.com/jobs/417136
Senior Full Stack Developer,Servian,"Brisbane City, Australia",https://stackoverflow.com/jobs/427870
"Full Stack Engineer - Junior to Senior - Vue.js, Go",Ezoic,"Carlsbad, CA",https://stackoverflow.com/jobs/427867
"Senior Software Engineer - Go, Vue.js, Machine Learning",Ezoic,"Carlsbad, CA",https://stackoverflow.com/jobs/427866
Senior UI Developer,ThinkIQ,"Aliso Viejo, CA",https://stackoverflow.com/jobs/440504
Full Stack Engineer - Demand,Everli,No office location,https://stackoverflow.com/jobs/422931
Senior Full-Stack Developer (m/f/d) for Berlin based MVP Startup,Venture Leap GmbH,"Berlin, Deutschland",https://stackoverflow.com/jobs/388231
Backend developer to build robust systems with Kotlin,Shape A/S,"København, Denmark",https://stackoverflow.com/jobs/370009
Fullstack Developer,Arweave,"Berlin, Germany",https://stackoverflow.com/jobs/350108
Senior Frontend Engineer - Global Contact Center (f/m/d),Delivery Hero SE,"Berlin, Germany",https://stackoverflow.com/jobs/439740
Senior Software Engineer (React/Java),Pinnacle 21,"Blue Bell, PA",https://stackoverflow.com/jobs/262299
Senior software engineer Vue.js,Harlem Next,"Haarlem, Netherlands",https://stackoverflow.com/jobs/427253
PHP Entwickler (Backend oder Full Stack)(m/w/d),WunschGutschein,"Düsseldorf, Deutschland",https://stackoverflow.com/jobs/365530
.Net Software Developer,eDerm Systems,"Boca Raton, FL",https://stackoverflow.com/jobs/357993
Fullstack Developer (m/f),Sclable Business Solutions GmbH,"Wien, Österreich",https://stackoverflow.com/jobs/396059
"Senior Frontend Software Engineer -- East Bay, Austin, U.S. Remote",Underline,No office location,https://stackoverflow.com/jobs/423274
Principal Architect,Citizens Bank,"Boston, MA",https://stackoverflow.com/jobs/452564
Principal Software Engineer,Citizens Bank,"Providence, RI",https://stackoverflow.com/jobs/452563
Distinguished Architect,Citizens Bank,"Boston, MA",https://stackoverflow.com/jobs/452560
Full Stack Software Engineer,"JPMorgan Chase Bank, N.A.","Columbus, OH",https://stackoverflow.com/jobs/452535
Software Engineer,Inari Agriculture,"Cambridge, MA",https://stackoverflow.com/jobs/452405
Sr Front End Developer (Angular / React),HaysviaHays PLC,"Orlando, FL",https://stackoverflow.com/jobs/368896
Développeur C# / .NET H/F – Poste CDI – Lille,SkillValue,"Lille, France",https://stackoverflow.com/jobs/395711
Frontend Developer - JavaScript - Demo Environments,Magnolia International Ltd.,"Münchenstein, Switzerland",https://stackoverflow.com/jobs/439161
Front-end Engineer【Full-Remote work in Japan】,PayPay Corporation.,"Minato City, Japan",https://stackoverflow.com/jobs/292635
Data Analyst Text (m/w/d) mit Geo-Spezialisierung,Bundesdruckerei GmbH,"Hamburg, Deutschland",https://stackoverflow.com/jobs/439159
Lead Full-Stack Software Engineer,MedExpress Enterprises Ltd,"London, UK",https://stackoverflow.com/jobs/438808
Senior Front-end Engineer,MedExpress Enterprises Ltd,"London, UK",https://stackoverflow.com/jobs/438811
Technical Lead (m/w/d) für ein Entwicklungsteam (Big Data / Datenanalyseplattfor,Bundesdruckerei GmbH,"Hamburg, Deutschland",https://stackoverflow.com/jobs/439156
Senior Front End Entwickler (m/w/d),Webnique GmbH,"München, Germany",https://stackoverflow.com/jobs/294774
Front-end Developer(React.JS),EJN Corp.,"Teheran-ro, South Korea",https://stackoverflow.com/jobs/331223
Technical Architect,DCSL Software Ltd,"London, UK",https://stackoverflow.com/jobs/452361
Java Developer,LMAX Group,"London, UK",https://stackoverflow.com/jobs/181651
Full Stack Developer (Java/AWS),F-Secure,"Poznań, Poland",https://stackoverflow.com/jobs/416126
"Frontend Engineer, Causal AI Platform",causaLens,"London, UK",https://stackoverflow.com/jobs/439129
Full Stack Developer,Servian,"Sydney, Australia",https://stackoverflow.com/jobs/424942
Senior Backend Engineer,"Volusion, LLC","Austin, TX",https://stackoverflow.com/jobs/443231
Senior Front-End Architect,Accenture Italy,"Milan, Italy",https://stackoverflow.com/jobs/448558
Software Developer (backend),ValueWorks GmbH,No office location,https://stackoverflow.com/jobs/451959
Senior Frontend Engineer (Vue.js),Mimacom,"Madrid, Spain",https://stackoverflow.com/jobs/451866
Software Engineer .NET,VX Company,"Baarn, Netherlands",https://stackoverflow.com/jobs/377088
Senior Full-Stack Engineer (Vue/Node),Wisely,No office location,https://stackoverflow.com/jobs/405895
Software Engineer - SDVI DevOps,SDVI,No office location,https://stackoverflow.com/jobs/451626
Full Stack Javascript Software Engineer,SDVI,No office location,https://stackoverflow.com/jobs/254207
Mid-Senior Frontend Developer,MediXall.com,"Fort Lauderdale, FL",https://stackoverflow.com/jobs/406266
Mid-Senior Backend Developer,MediXall.com,"Fort Lauderdale, FL",https://stackoverflow.com/jobs/406265
Magento Developer,"Stockport, ManchesterviaHays PLC","Stockport, UK",https://stackoverflow.com/jobs/415833
Software Engineer - .NET / Java,"JPMorgan Chase Bank, N.A.","Columbus, OH",https://stackoverflow.com/jobs/451533
Demodesk - Full-Stack Engineer Video Conferencing & Screen Sharing,Demodesk,"Munich, Germany",https://stackoverflow.com/jobs/413458
Senior Software Engineer,uShip,"Austin, TX",https://stackoverflow.com/jobs/451415
Backend Developer,Sofía,"Mexico City, Mexico",https://stackoverflow.com/jobs/255373
Back End Engineer - Retail & Catalog,Everli,No office location,https://stackoverflow.com/jobs/415688
Senior Front-end Engineer,Launch Potato,No office location,https://stackoverflow.com/jobs/451408
Fullstack developer,Nurun,No office location,https://stackoverflow.com/jobs/415682
Software Architect,Nurun,No office location,https://stackoverflow.com/jobs/415675
Lead Frontend Engineer,Agrando,"München, Germany",https://stackoverflow.com/jobs/383568
Fullstack Developer,Hapag-LloydviaHays PLC,"Gdańsk, Poland",https://stackoverflow.com/jobs/406198
Software Architect (ATH & SKG),Kaizen Gaming (Stoiximan/Betano),"Athens, Greece",https://stackoverflow.com/jobs/415639
Python Developer,MUFG Investor Services FinTech LimitedviaWork in Lithuania,"Vilnius, Lithuania",https://stackoverflow.com/jobs/451385
DevOps Engineer,Kilo HealthviaWork in Lithuania,"Vilnius, Lithuania",https://stackoverflow.com/jobs/451383
